,1100011004.avi
 gaze_0_x_mean_0.25,-0.058050919999999985
 gaze_0_y_mean_0.25,-0.17449121333333334
 gaze_0_z_mean_0.25,-0.9829226666666664
 gaze_1_x_mean_0.25,-0.20410248
 gaze_1_y_mean_0.25,-0.16275970666666667
 gaze_1_z_mean_0.25,-0.96529744
el1_x_i_mean_0.25,341.51199999999994
el1_x_o_mean_0.25,340.6093333333334
el1_y_i_mean_0.25,340.97633333333334
el1_y_o_mean_0.25,342.34822222222226
el2_x_i_mean_0.25,392.53766666666667
el2_x_o_mean_0.25,393.6467777777777
el2_y_i_mean_0.25,339.63466666666665
el2_y_o_mean_0.25,341.01599999999996
 pose_Tx_mean_0.25,57.5
 pose_Ty_mean_0.25,165.94
 pose_Tz_mean_0.25,627.2706666666667
 pose_Rx_mean_0.25,-0.2454133333333333
 pose_Ry_mean_0.25,0.17822666666666664
 pose_Rz_mean_0.25,0.03169333333333333
face_x_m_mean_0.25,367.38172549019606
face_x_s_mean_0.25,45.14155954194685
face_y_m_mean_0.25,397.3859607843137
face_y_s_mean_0.25,32.034776902614965
eyebrow_l_x_m_mean_0.25,337.9568
eyebrow_l_x_s_mean_0.25,14.133850880694355
eyebrow_l_y_m_mean_0.25,324.496
eyebrow_l_y_s_mean_0.25,3.823189398404942
eyebrow_r_x_m_mean_0.25,396.2512
eyebrow_r_x_s_mean_0.25,14.950188445838313
eyebrow_r_y_m_mean_0.25,321.59413333333333
eyebrow_r_y_s_mean_0.25,3.8772143528052094
nose_x_m_mean_0.25,365.3454814814815
nose_x_s_mean_0.25,6.389105433109129
nose_y_m_mean_0.25,366.9514074074073
nose_y_s_mean_0.25,15.532955462512252
eye_l_x_m_mean_0.25,340.6280000000001
eye_l_x_s_mean_0.25,7.417466188558954
eye_l_y_m_mean_0.25,342.39044444444437
eye_l_y_s_mean_0.25,2.9720234574048496
eye_r_x_m_mean_0.25,393.60866666666664
eye_r_x_s_mean_0.25,7.600249648011409
eye_r_y_m_mean_0.25,341.0531111111111
eye_r_y_s_mean_0.25,3.0629952617392098
mouth_x_m_mean_0.25,364.21777777777777
mouth_x_s_mean_0.25,13.837482162279654
mouth_y_m_mean_0.25,398.7877777777777
mouth_y_s_mean_0.25,7.498433918318348
 AU01_r_mean_0.25,0.031066666666666663
 AU02_r_mean_0.25,0.009466666666666668
 AU04_r_mean_0.25,0.6481333333333333
 AU05_r_mean_0.25,0.008666666666666666
 AU06_r_mean_0.25,0.0
 AU07_r_mean_0.25,0.15106666666666665
 AU09_r_mean_0.25,0.009733333333333335
 AU10_r_mean_0.25,0.2496
 AU12_r_mean_0.25,0.006666666666666667
 AU14_r_mean_0.25,0.5146666666666667
 AU15_r_mean_0.25,0.0812
 AU17_r_mean_0.25,0.16693333333333332
 AU20_r_mean_0.25,0.07853333333333334
 AU23_r_mean_0.25,0.023066666666666662
 AU25_r_mean_0.25,0.09346666666666667
 AU26_r_mean_0.25,0.2604
 AU45_r_mean_0.25,0.11253333333333332
0_x_mean_0.25,285.4820933333333
0_y_mean_0.25,372.36416
1_x_mean_0.25,265.69052
1_y_mean_0.25,429.1026533333333
2_x_mean_0.25,201.2381733333333
2_y_mean_0.25,417.9389466666667
3_x_mean_0.25,0.0
3_y_mean_0.25,0.0
5_x_mean_0.25,112.01126666666669
5_y_mean_0.25,194.65628
6_x_mean_0.25,0.0
6_y_mean_0.25,0.0
15_x_mean_0.25,267.1773733333333
15_y_mean_0.25,355.86054666666666
16_x_mean_0.25,300.3944266666667
16_y_mean_0.25,354.8821200000001
17_x_mean_0.25,242.69548
17_y_mean_0.25,367.44437333333326
18_x_mean_0.25,275.4342
18_y_mean_0.25,291.50858666666664
 gaze_0_x_std_0.25,0.003275949508570409
 gaze_0_y_std_0.25,0.0058987632517180965
 gaze_0_z_std_0.25,0.0009617124975417119
 gaze_1_x_std_0.25,0.003412208337639929
 gaze_1_y_std_0.25,0.006373309070442714
 gaze_1_z_std_0.25,0.0009615791240932172
el1_x_i_std_0.25,0.9762756727426868
el1_x_o_std_0.25,0.9685142331529308
el1_y_i_std_0.25,0.6382963141713133
el1_y_o_std_0.25,0.6436267788326062
el2_x_i_std_0.25,1.0199332858857224
el2_x_o_std_0.25,1.0167736368674416
el2_y_i_std_0.25,0.7551220741355903
el2_y_o_std_0.25,0.7665549761964395
 pose_Tx_std_0.25,1.0111540102439551
 pose_Ty_std_0.25,0.7128170228804214
 pose_Tz_std_0.25,1.499258675671599
 pose_Rx_std_0.25,0.008389332565877988
 pose_Ry_std_0.25,0.005921954875676575
 pose_Rz_std_0.25,0.005172623709108951
face_x_m_std_0.25,0.6473771245820257
face_x_s_std_0.25,0.059007450864152364
face_y_m_std_0.25,0.752153859367702
face_y_s_std_0.25,0.25717095388659583
eyebrow_l_x_m_std_0.25,1.0654324841952114
eyebrow_l_x_s_std_0.25,0.09818943165371308
eyebrow_l_y_m_std_0.25,0.6593444738034426
eyebrow_l_y_s_std_0.25,0.0471787564288763
eyebrow_r_x_m_std_0.25,1.1054129227260407
eyebrow_r_x_s_std_0.25,0.10066720286388932
eyebrow_r_y_m_std_0.25,0.7958322064988936
eyebrow_r_y_s_std_0.25,0.03987559710562008
nose_x_m_std_0.25,0.9935833057994315
nose_x_s_std_0.25,0.0370443512163096
nose_y_m_std_0.25,0.9485210962587064
nose_y_s_std_0.25,0.07849805124960747
eye_l_x_m_std_0.25,0.9670943446590178
eye_l_x_s_std_0.25,0.02917420931221018
eye_l_y_m_std_0.25,0.6441418467377452
eye_l_y_s_std_0.25,0.020711221547262883
eye_r_x_m_std_0.25,1.0164205875575347
eye_r_x_s_std_0.25,0.027112526446581325
eye_r_y_m_std_0.25,0.76492994307833
eye_r_y_s_std_0.25,0.02443100016268087
mouth_x_m_std_0.25,0.8059502502051933
mouth_x_s_std_0.25,0.06052708785781882
mouth_y_m_std_0.25,1.0402633189595658
mouth_y_s_std_0.25,0.06892087421825706
 AU01_r_std_0.25,0.042444664559277055
 AU02_r_std_0.25,0.01909388846140504
 AU04_r_std_0.25,0.09144032662525507
 AU05_r_std_0.25,0.033584638272995106
 AU06_r_std_0.25,0.0
 AU07_r_std_0.25,0.15503768794936498
 AU09_r_std_0.25,0.013849903242254793
 AU10_r_std_0.25,0.14589370436373522
 AU12_r_std_0.25,0.013589874343962298
 AU14_r_std_0.25,0.19008058983134132
 AU15_r_std_0.25,0.07353910524340095
 AU17_r_std_0.25,0.10390969745517126
 AU20_r_std_0.25,0.09524780388095122
 AU23_r_std_0.25,0.036315931033732936
 AU25_r_std_0.25,0.09954617743259377
 AU26_r_std_0.25,0.18444540685012487
 AU45_r_std_0.25,0.1348381746143626
0_x_std_0.25,84.24860011831994
0_y_std_0.25,6.390634744179446
1_x_std_0.25,77.98141514997991
1_y_std_0.25,47.51539521764509
2_x_std_0.25,45.45680825568238
2_y_std_0.25,37.444852281395036
3_x_std_0.25,0.0
3_y_std_0.25,0.0
5_x_std_0.25,111.29800690444056
5_y_std_0.25,193.37909549579524
6_x_std_0.25,0.0
6_y_std_0.25,0.0
15_x_std_0.25,73.00800734643138
15_y_std_0.25,15.461209323259867
16_x_std_0.25,95.10582147771306
16_y_std_0.25,16.241236581665248
17_x_std_0.25,63.44212045346018
17_y_std_0.25,3.3577544610797405
18_x_std_0.25,163.5992456853356
18_y_std_0.25,140.8435112401774
 gaze_0_x_min_0.25,-0.062692
 gaze_0_y_min_0.25,-0.186355
 gaze_0_z_min_0.25,-0.984691
 gaze_1_x_min_0.25,-0.211734
 gaze_1_y_min_0.25,-0.17266900000000002
 gaze_1_z_min_0.25,-0.9668549999999999
el1_x_i_min_0.25,339.80000000000007
el1_x_o_min_0.25,338.90833333333336
el1_y_i_min_0.25,339.8
el1_y_o_min_0.25,341.1666666666667
el2_x_i_min_0.25,390.5875
el2_x_o_min_0.25,391.7166666666667
el2_y_i_min_0.25,338.15
el2_y_o_min_0.25,339.49999999999994
 pose_Tx_min_0.25,55.9
 pose_Ty_min_0.25,164.6
 pose_Tz_min_0.25,624.8
 pose_Rx_min_0.25,-0.261
 pose_Ry_min_0.25,0.165
 pose_Rz_min_0.25,0.022000000000000002
face_x_m_min_0.25,366.1647058823529
face_x_s_min_0.25,45.00127939357751
face_y_m_min_0.25,395.8058823529411
face_y_s_min_0.25,31.530558240240154
eyebrow_l_x_m_min_0.25,336.12
eyebrow_l_x_s_min_0.25,13.935494250294822
eyebrow_l_y_m_min_0.25,323.22
eyebrow_l_y_s_min_0.25,3.7253187783060864
eyebrow_r_x_m_min_0.25,394.12
eyebrow_r_x_s_min_0.25,14.763976429133177
eyebrow_r_y_m_min_0.25,320.04
eyebrow_r_y_s_min_0.25,3.762047314960311
nose_x_m_min_0.25,363.70000000000016
nose_x_s_min_0.25,6.302402540125303
nose_y_m_min_0.25,365.12222222222226
nose_y_s_min_0.25,15.363331163665132
eye_l_x_m_min_0.25,338.93333333333334
eye_l_x_s_min_0.25,7.344771382872765
eye_l_y_m_min_0.25,341.2
eye_l_y_s_min_0.25,2.923981304089798
eye_r_x_m_min_0.25,391.66666666666674
eye_r_x_s_min_0.25,7.538700153209437
eye_r_y_m_min_0.25,339.5499999999999
eye_r_y_s_min_0.25,3.015294347157507
mouth_x_m_min_0.25,362.8999999999999
mouth_x_s_min_0.25,13.688747867566937
mouth_y_m_min_0.25,396.8666666666666
mouth_y_s_min_0.25,7.371623520862506
 AU01_r_min_0.25,0.0
 AU02_r_min_0.25,0.0
 AU04_r_min_0.25,0.42
 AU05_r_min_0.25,0.0
 AU06_r_min_0.25,0.0
 AU07_r_min_0.25,0.0
 AU09_r_min_0.25,0.0
 AU10_r_min_0.25,0.0
 AU12_r_min_0.25,0.0
 AU14_r_min_0.25,0.17
 AU15_r_min_0.25,0.0
 AU17_r_min_0.25,0.0
 AU20_r_min_0.25,0.0
 AU23_r_min_0.25,0.0
 AU25_r_min_0.25,0.0
 AU26_r_min_0.25,0.0
 AU45_r_min_0.25,0.0
0_x_min_0.25,191.06799999999998
0_y_min_0.25,362.05699999999996
1_x_min_0.25,184.567
1_y_min_0.25,381.56199999999995
2_x_min_0.25,154.502
2_y_min_0.25,380.29400000000004
3_x_min_0.25,0.0
3_y_min_0.25,0.0
5_x_min_0.25,0.0
5_y_min_0.25,0.0
6_x_min_0.25,0.0
6_y_min_0.25,0.0
15_x_min_0.25,183.209
15_y_min_0.25,339.87199999999996
16_x_min_0.25,194.998
16_y_min_0.25,337.2530000000001
17_x_min_0.25,171.541
17_y_min_0.25,360.764
18_x_min_0.25,0.0
18_y_min_0.25,0.0
 gaze_0_x_max_0.25,-0.050849
 gaze_0_y_max_0.25,-0.16306700000000002
 gaze_0_z_max_0.25,-0.980902
 gaze_1_x_max_0.25,-0.196688
 gaze_1_y_max_0.25,-0.15016400000000002
 gaze_1_z_max_0.25,-0.963026
el1_x_i_max_0.25,343.0
el1_x_o_max_0.25,342.0916666666667
el1_y_i_max_0.25,341.75
el1_y_o_max_0.25,343.1166666666666
el2_x_i_max_0.25,394.05
el2_x_o_max_0.25,395.15833333333336
el2_y_i_max_0.25,340.49999999999994
el2_y_o_max_0.25,341.875
 pose_Tx_max_0.25,59.2
 pose_Ty_max_0.25,166.9
 pose_Tz_max_0.25,630.5
 pose_Rx_max_0.25,-0.228
 pose_Ry_max_0.25,0.185
 pose_Rz_max_0.25,0.040999999999999995
face_x_m_max_0.25,368.3
face_x_s_max_0.25,45.252860650558034
face_y_m_max_0.25,398.4176470588236
face_y_s_max_0.25,32.44565138994203
eyebrow_l_x_m_max_0.25,339.62
eyebrow_l_x_s_max_0.25,14.347229697750018
eyebrow_l_y_m_max_0.25,325.38
eyebrow_l_y_s_max_0.25,3.931284777270654
eyebrow_r_x_m_max_0.25,398.08
eyebrow_r_x_s_max_0.25,15.266139001070313
eyebrow_r_y_m_max_0.25,322.5800000000001
eyebrow_r_y_s_max_0.25,3.9487972852502655
nose_x_m_max_0.25,367.08888888888885
nose_x_s_max_0.25,6.475809687684702
nose_y_m_max_0.25,368.1777777777778
nose_y_s_max_0.25,15.684626230803213
eye_l_x_m_max_0.25,342.1166666666666
eye_l_x_s_max_0.25,7.487856836238272
eye_l_y_m_max_0.25,343.1666666666667
eye_l_y_s_max_0.25,3.017780641464848
eye_r_x_m_max_0.25,395.11666666666673
eye_r_x_s_max_0.25,7.662223350090143
eye_r_y_m_max_0.25,341.93333333333334
eye_r_y_s_max_0.25,3.1031704217890885
mouth_x_m_max_0.25,365.64166666666665
mouth_x_s_max_0.25,13.952286116575587
mouth_y_m_max_0.25,400.15833333333336
mouth_y_s_max_0.25,7.691849287040495
 AU01_r_max_0.25,0.2
 AU02_r_max_0.25,0.07
 AU04_r_max_0.25,0.88
 AU05_r_max_0.25,0.26
 AU06_r_max_0.25,0.0
 AU07_r_max_0.25,0.64
 AU09_r_max_0.25,0.05
 AU10_r_max_0.25,0.56
 AU12_r_max_0.25,0.05
 AU14_r_max_0.25,0.91
 AU15_r_max_0.25,0.25
 AU17_r_max_0.25,0.39
 AU20_r_max_0.25,0.4
 AU23_r_max_0.25,0.16
 AU25_r_max_0.25,0.37
 AU26_r_max_0.25,0.65
 AU45_r_max_0.25,0.58
0_x_max_0.25,371.14099999999996
0_y_max_0.25,380.349
1_x_max_0.25,348.965
1_y_max_0.25,476.923
2_x_max_0.25,249.785
2_y_max_0.25,463.837
3_x_max_0.25,0.0
3_y_max_0.25,0.0
5_x_max_0.25,224.993
5_y_max_0.25,389.44199999999995
6_x_max_0.25,0.0
6_y_max_0.25,0.0
15_x_max_0.25,341.195
15_y_max_0.25,372.496
16_x_max_0.25,399.86199999999997
16_y_max_0.25,372.514
17_x_max_0.25,307.19
17_y_max_0.25,371.215
18_x_max_0.25,424.655
18_y_max_0.25,371.152
 gaze_0_x_mean_0.50,-0.060548440000000016
 gaze_0_y_mean_0.50,-0.17815652
 gaze_0_z_mean_0.50,-0.9819821733333336
 gaze_1_x_mean_0.50,-0.20770884
 gaze_1_y_mean_0.50,-0.1636248
 gaze_1_z_mean_0.50,-0.96421992
el1_x_i_mean_0.50,339.7515
el1_x_o_mean_0.50,338.86477777777776
el1_y_i_mean_0.50,342.20133333333337
el1_y_o_mean_0.50,343.58788888888887
el2_x_i_mean_0.50,390.78166666666664
el2_x_o_mean_0.50,391.90988888888876
el2_y_i_mean_0.50,340.043
el2_y_o_mean_0.50,341.40433333333334
 pose_Tx_mean_0.50,55.57466666666667
 pose_Ty_mean_0.50,166.75599999999997
 pose_Tz_mean_0.50,625.6853333333332
 pose_Rx_mean_0.50,-0.25144
 pose_Ry_mean_0.50,0.18472
 pose_Rz_mean_0.50,0.02070666666666667
face_x_m_mean_0.50,366.4982745098038
face_x_s_mean_0.50,45.131118333736076
face_y_m_mean_0.50,398.66298039215684
face_y_s_mean_0.50,32.19795928216733
eyebrow_l_x_m_mean_0.50,335.9749333333333
eyebrow_l_x_s_mean_0.50,14.03912432416574
eyebrow_l_y_m_mean_0.50,325.71413333333334
eyebrow_l_y_s_mean_0.50,3.9235141728392033
eyebrow_r_x_m_mean_0.50,394.14266666666674
eyebrow_r_x_s_mean_0.50,15.078774189278832
eyebrow_r_y_m_mean_0.50,321.8008
eyebrow_r_y_s_mean_0.50,3.843103483997683
nose_x_m_mean_0.50,363.6481481481482
nose_x_s_mean_0.50,6.435825053378228
nose_y_m_mean_0.50,367.79022222222227
nose_y_s_mean_0.50,15.559284473197744
eye_l_x_m_mean_0.50,338.8846666666667
eye_l_x_s_mean_0.50,7.409757762068208
eye_l_y_m_mean_0.50,343.6262222222222
eye_l_y_s_mean_0.50,2.959747615778681
eye_r_x_m_mean_0.50,391.8744444444445
eye_r_x_s_mean_0.50,7.628270179247162
eye_r_y_m_mean_0.50,341.4417777777778
eye_r_y_s_mean_0.50,3.0688261748017283
mouth_x_m_mean_0.50,363.0137777777777
mouth_x_s_mean_0.50,13.820517122961967
mouth_y_m_mean_0.50,399.90677777777773
mouth_y_s_mean_0.50,7.682964480698277
 AU01_r_mean_0.50,0.08413333333333332
 AU02_r_mean_0.50,0.06026666666666666
 AU04_r_mean_0.50,0.6714666666666667
 AU05_r_mean_0.50,0.11959999999999996
 AU06_r_mean_0.50,0.0
 AU07_r_mean_0.50,0.16466666666666666
 AU09_r_mean_0.50,0.01946666666666667
 AU10_r_mean_0.50,0.3630666666666667
 AU12_r_mean_0.50,0.0192
 AU14_r_mean_0.50,0.3682666666666666
 AU15_r_mean_0.50,0.03133333333333333
 AU17_r_mean_0.50,0.15466666666666667
 AU20_r_mean_0.50,0.16693333333333332
 AU23_r_mean_0.50,0.12666666666666668
 AU25_r_mean_0.50,0.17213333333333333
 AU26_r_mean_0.50,0.13666666666666666
 AU45_r_mean_0.50,0.2396
0_x_mean_0.50,367.9647466666667
0_y_mean_0.50,367.42256000000003
1_x_mean_0.50,239.8441466666667
1_y_mean_0.50,368.81662666666665
2_x_mean_0.50,267.7220533333333
2_y_mean_0.50,466.32235999999995
3_x_mean_0.50,0.0
3_y_mean_0.50,0.0
5_x_mean_0.50,50.36338666666666
5_y_mean_0.50,132.8196
6_x_mean_0.50,0.0
6_y_mean_0.50,0.0
15_x_mean_0.50,338.4477866666666
15_y_mean_0.50,341.53281333333325
16_x_mean_0.50,394.4215333333333
16_y_mean_0.50,339.08350666666666
17_x_mean_0.50,305.0475333333333
17_y_mean_0.50,365.22301333333326
18_x_mean_0.50,423.05912
18_y_mean_0.50,351.2753066666667
 gaze_0_x_std_0.50,0.015421357243209909
 gaze_0_y_std_0.50,0.008149280212552686
 gaze_0_z_std_0.50,0.002249865019214405
 gaze_1_x_std_0.50,0.016981747788346966
 gaze_1_y_std_0.50,0.008291627498119266
 gaze_1_z_std_0.50,0.003424817954364945
el1_x_i_std_0.50,3.6379898667080317
el1_x_o_std_0.50,3.5947366150152544
el1_y_i_std_0.50,0.5374354664800594
el1_y_o_std_0.50,0.5463918869219289
el2_x_i_std_0.50,3.8582661421775764
el2_x_o_std_0.50,3.8147000355678395
el2_y_i_std_0.50,1.5554112713276034
el2_y_o_std_0.50,1.5858990354845264
 pose_Tx_std_0.50,3.9308582837399326
 pose_Ty_std_0.50,0.9000360353146211
 pose_Tz_std_0.50,1.680869573322846
 pose_Rx_std_0.50,0.009067673500005542
 pose_Ry_std_0.50,0.025426396158748518
 pose_Rz_std_0.50,0.019055235028253573
face_x_m_std_0.50,1.9273363079465584
face_x_s_std_0.50,0.10318894468130024
face_y_m_std_0.50,0.9560948881163068
face_y_s_std_0.50,0.15060300486962375
eyebrow_l_x_m_std_0.50,4.075483845701832
eyebrow_l_x_s_std_0.50,0.4846999043198761
eyebrow_l_y_m_std_0.50,0.5004081937382331
eyebrow_l_y_s_std_0.50,0.17099629222875087
eyebrow_r_x_m_std_0.50,4.605241823428192
eyebrow_r_x_s_std_0.50,0.3896233655272037
eyebrow_r_y_m_std_0.50,1.8271449889953415
eyebrow_r_y_s_std_0.50,0.0794126110180994
nose_x_m_std_0.50,4.03928916618744
nose_x_s_std_0.50,0.04064459153245288
nose_y_m_std_0.50,1.0375627224750017
nose_y_s_std_0.50,0.14250552079629528
eye_l_x_m_std_0.50,3.591334833440889
eye_l_x_s_std_0.50,0.09094670206218107
eye_l_y_m_std_0.50,0.5450994711366376
eye_l_y_s_std_0.50,0.12459233434822554
eye_r_x_m_std_0.50,3.812747637143661
eye_r_x_s_std_0.50,0.0810173569407817
eye_r_y_m_std_0.50,1.5856582582990904
eye_r_y_s_std_0.50,0.14260809858567214
mouth_x_m_std_0.50,3.0194901466548485
mouth_x_s_std_0.50,0.16224075072456506
mouth_y_m_std_0.50,0.9950409069010179
mouth_y_s_std_0.50,0.12132062540895153
 AU01_r_std_0.50,0.1312321373516178
 AU02_r_std_0.50,0.1155360401631308
 AU04_r_std_0.50,0.18819694495418912
 AU05_r_std_0.50,0.25700688811886063
 AU06_r_std_0.50,0.0
 AU07_r_std_0.50,0.20218624898661947
 AU09_r_std_0.50,0.03858627866095539
 AU10_r_std_0.50,0.4153180914878584
 AU12_r_std_0.50,0.02980839714812825
 AU14_r_std_0.50,0.2181455832591976
 AU15_r_std_0.50,0.04403111103230009
 AU17_r_std_0.50,0.1482541037519005
 AU20_r_std_0.50,0.14443714927292806
 AU23_r_std_0.50,0.14507531439513355
 AU25_r_std_0.50,0.16187493782391238
 AU26_r_std_0.50,0.11266229534672545
 AU45_r_std_0.50,0.4629909811742002
0_x_std_0.50,3.8749614020512992
0_y_std_0.50,2.1293690426978653
1_x_std_0.50,139.59294948960687
1_y_std_0.50,201.01836082972503
2_x_std_0.50,41.30812724918614
2_y_std_0.50,55.16208456378986
3_x_std_0.50,0.0
3_y_std_0.50,0.0
5_x_std_0.50,81.40037648908441
5_y_std_0.50,214.43332519280486
6_x_std_0.50,0.0
6_y_std_0.50,0.0
15_x_std_0.50,3.5812736081702234
15_y_std_0.50,0.5790905426412746
16_x_std_0.50,4.425520529266014
16_y_std_0.50,1.1861456358936535
17_x_std_0.50,2.481828719471351
17_y_std_0.50,3.541936111611662
18_x_std_0.50,0.9463639800323644
18_y_std_0.50,0.8520884672591451
 gaze_0_x_min_0.50,-0.096759
 gaze_0_y_min_0.50,-0.1924
 gaze_0_z_min_0.50,-0.987489
 gaze_1_x_min_0.50,-0.24523899999999998
 gaze_1_y_min_0.50,-0.173484
 gaze_1_z_min_0.50,-0.969065
el1_x_i_min_0.50,329.65
el1_x_o_min_0.50,328.87499999999994
el1_y_i_min_0.50,341.25
el1_y_o_min_0.50,342.6166666666666
el2_x_i_min_0.50,379.975
el2_x_o_min_0.50,381.24166666666673
el2_y_i_min_0.50,336.4
el2_y_o_min_0.50,337.69166666666666
 pose_Tx_min_0.50,44.5
 pose_Ty_min_0.50,164.7
 pose_Tz_min_0.50,623.0
 pose_Rx_min_0.50,-0.273
 pose_Ry_min_0.50,0.163
 pose_Rz_min_0.50,-0.025
face_x_m_min_0.50,360.5941176470588
face_x_s_min_0.50,44.8860845723404
face_y_m_min_0.50,396.5058823529412
face_y_s_min_0.50,31.835790763375286
eyebrow_l_x_m_min_0.50,324.8
eyebrow_l_x_s_min_0.50,12.826262121132565
eyebrow_l_y_m_min_0.50,324.93999999999994
eyebrow_l_y_s_min_0.50,3.742726279064492
eyebrow_r_x_m_min_0.50,381.4
eyebrow_r_x_s_min_0.50,14.745270428174589
eyebrow_r_y_m_min_0.50,317.6
eyebrow_r_y_s_min_0.50,3.618425071768096
nose_x_m_min_0.50,352.6
nose_x_s_min_0.50,6.361166909022633
nose_y_m_min_0.50,365.6555555555556
nose_y_s_min_0.50,15.174219730992586
eye_l_x_m_min_0.50,328.8999999999998
eye_l_x_s_min_0.50,7.186491958296948
eye_l_y_m_min_0.50,342.6500000000001
eye_l_y_s_min_0.50,2.3878162966749907
eye_r_x_m_min_0.50,381.2
eye_r_x_s_min_0.50,7.3676092911246895
eye_r_y_m_min_0.50,337.75
eye_r_y_s_min_0.50,2.499333244420735
mouth_x_m_min_0.50,354.6166666666666
mouth_x_s_min_0.50,13.360559324165495
mouth_y_m_min_0.50,397.89166666666665
mouth_y_s_min_0.50,7.432784665170107
 AU01_r_min_0.50,0.0
 AU02_r_min_0.50,0.0
 AU04_r_min_0.50,0.43
 AU05_r_min_0.50,0.0
 AU06_r_min_0.50,0.0
 AU07_r_min_0.50,0.0
 AU09_r_min_0.50,0.0
 AU10_r_min_0.50,0.0
 AU12_r_min_0.50,0.0
 AU14_r_min_0.50,0.0
 AU15_r_min_0.50,0.0
 AU17_r_min_0.50,0.0
 AU20_r_min_0.50,0.0
 AU23_r_min_0.50,0.0
 AU25_r_min_0.50,0.0
 AU26_r_min_0.50,0.0
 AU45_r_min_0.50,0.0
0_x_min_0.50,358.142
0_y_min_0.50,362.043
1_x_min_0.50,0.0
1_y_min_0.50,0.0
2_x_min_0.50,0.0
2_y_min_0.50,0.0
3_x_min_0.50,0.0
3_y_min_0.50,0.0
5_x_min_0.50,0.0
5_y_min_0.50,0.0
6_x_min_0.50,0.0
6_y_min_0.50,0.0
15_x_min_0.50,329.3540000000001
15_y_min_0.50,341.125
16_x_min_0.50,381.67400000000004
16_y_min_0.50,335.903
17_x_min_0.50,298.1
17_y_min_0.50,360.70300000000003
18_x_min_0.50,419.45300000000003
18_y_min_0.50,350.24199999999996
 gaze_0_x_max_0.50,-0.049427
 gaze_0_y_max_0.50,-0.14896199999999998
 gaze_0_z_max_0.50,-0.9767530000000001
 gaze_1_x_max_0.50,-0.195158
 gaze_1_y_max_0.50,-0.13483900000000001
 gaze_1_z_max_0.50,-0.9565629999999999
el1_x_i_max_0.50,342.8875
el1_x_o_max_0.50,341.9916666666666
el1_y_i_max_0.50,343.925
el1_y_o_max_0.50,345.27500000000015
el2_x_i_max_0.50,393.9625
el2_x_o_max_0.50,395.0583333333333
el2_y_i_max_0.50,342.375
el2_y_o_max_0.50,343.72500000000014
 pose_Tx_max_0.50,58.9
 pose_Ty_max_0.50,169.0
 pose_Tz_max_0.50,630.0
 pose_Rx_max_0.50,-0.23199999999999998
 pose_Ry_max_0.50,0.24100000000000002
 pose_Rz_max_0.50,0.04
face_x_m_max_0.50,368.0823529411765
face_x_s_max_0.50,45.420534194024924
face_y_m_max_0.50,399.8764705882353
face_y_s_max_0.50,32.52228195452175
eyebrow_l_x_m_max_0.50,339.4
eyebrow_l_x_s_max_0.50,14.425567579821596
eyebrow_l_y_m_max_0.50,326.93999999999994
eyebrow_l_y_s_max_0.50,4.384974344280714
eyebrow_r_x_m_max_0.50,397.8
eyebrow_r_x_s_max_0.50,16.085614691394287
eyebrow_r_y_m_max_0.50,323.2800000000001
eyebrow_r_y_s_max_0.50,3.978316226747192
nose_x_m_max_0.50,366.9222222222222
nose_x_s_max_0.50,6.562096548444798
nose_y_m_max_0.50,368.96666666666664
nose_y_s_max_0.50,15.696823811770894
eye_l_x_m_max_0.50,342.00000000000006
eye_l_x_s_max_0.50,7.4983776022994855
eye_l_y_m_max_0.50,345.3
eye_l_y_s_max_0.50,3.0720785580233168
eye_r_x_m_max_0.50,395.05
eye_r_x_s_max_0.50,7.8122979973884785
eye_r_y_m_max_0.50,343.7333333333333
eye_r_y_s_max_0.50,3.2847628021923634
mouth_x_m_max_0.50,365.575
mouth_x_s_max_0.50,13.957693110600223
mouth_y_m_max_0.50,401.10833333333335
mouth_y_s_max_0.50,8.009553954213347
 AU01_r_max_0.50,0.49
 AU02_r_max_0.50,0.5
 AU04_r_max_0.50,1.17
 AU05_r_max_0.50,0.91
 AU06_r_max_0.50,0.0
 AU07_r_max_0.50,0.66
 AU09_r_max_0.50,0.16
 AU10_r_max_0.50,1.47
 AU12_r_max_0.50,0.1
 AU14_r_max_0.50,0.64
 AU15_r_max_0.50,0.18
 AU17_r_max_0.50,0.54
 AU20_r_max_0.50,0.52
 AU23_r_max_0.50,0.52
 AU25_r_max_0.50,0.65
 AU26_r_max_0.50,0.47
 AU45_r_max_0.50,2.25
0_x_max_0.50,371.131
0_y_max_0.50,369.811
1_x_max_0.50,362.05400000000003
1_y_max_0.50,476.926
2_x_max_0.50,308.518
2_y_max_0.50,476.921
3_x_max_0.50,0.0
3_y_max_0.50,0.0
5_x_max_0.50,194.96200000000002
5_y_max_0.50,476.916
6_x_max_0.50,0.0
6_y_max_0.50,0.0
15_x_max_0.50,341.15
15_y_max_0.50,342.481
16_x_max_0.50,399.853
16_y_max_0.50,339.833
17_x_max_0.50,307.21
17_y_max_0.50,371.155
18_x_max_0.50,423.44300000000004
18_y_max_0.50,352.909
 gaze_0_x_mean_0.75,-0.07822111999999998
 gaze_0_y_mean_0.75,-0.17408239999999994
 gaze_0_z_mean_0.75,-0.9815357333333332
 gaze_1_x_mean_0.75,-0.2266926666666667
 gaze_1_y_mean_0.75,-0.14534692
 gaze_1_z_mean_0.75,-0.9629608933333332
el1_x_i_mean_0.75,334.00133333333326
el1_x_o_mean_0.75,333.20933333333335
el1_y_i_mean_0.75,342.569
el1_y_o_mean_0.75,344.0197777777778
el2_x_i_mean_0.75,384.6313333333334
el2_x_o_mean_0.75,385.8354444444445
el2_y_i_mean_0.75,337.1325
el2_y_o_mean_0.75,338.4365555555554
 pose_Tx_mean_0.75,50.18933333333334
 pose_Ty_mean_0.75,165.46133333333339
 pose_Tz_mean_0.75,628.436
 pose_Rx_mean_0.75,-0.23795999999999998
 pose_Ry_mean_0.75,0.22061333333333333
 pose_Rz_mean_0.75,-0.03429333333333333
face_x_m_mean_0.75,364.48266666666666
face_x_s_mean_0.75,45.130834195968646
face_y_m_mean_0.75,396.3869019607843
face_y_s_mean_0.75,32.268624672674164
eyebrow_l_x_m_mean_0.75,329.18693333333334
eyebrow_l_x_s_mean_0.75,13.331437753378575
eyebrow_l_y_m_mean_0.75,326.29493333333335
eyebrow_l_y_s_mean_0.75,4.29328262169811
eyebrow_r_x_m_mean_0.75,386.60986666666673
eyebrow_r_x_s_mean_0.75,15.45426062309222
eyebrow_r_y_m_mean_0.75,318.50426666666664
eyebrow_r_y_s_mean_0.75,3.777497080372728
nose_x_m_mean_0.75,357.8970370370372
nose_x_s_mean_0.75,6.39868131864997
nose_y_m_mean_0.75,366.1235555555554
nose_y_s_mean_0.75,15.367715058519714
eye_l_x_m_mean_0.75,333.2340000000001
eye_l_x_s_mean_0.75,7.2886406262811185
eye_l_y_m_mean_0.75,344.05688888888886
eye_l_y_s_mean_0.75,3.0145346354272937
eye_r_x_m_mean_0.75,385.8053333333333
eye_r_x_s_mean_0.75,7.662899336116973
eye_r_y_m_mean_0.75,338.4724444444445
eye_r_y_s_mean_0.75,3.1852757494800805
mouth_x_m_mean_0.75,359.3312222222222
mouth_x_s_mean_0.75,13.599948261174063
mouth_y_m_mean_0.75,398.48433333333327
mouth_y_s_mean_0.75,7.985233546729993
 AU01_r_mean_0.75,0.06439999999999999
 AU02_r_mean_0.75,0.0612
 AU04_r_mean_0.75,0.5126666666666666
 AU05_r_mean_0.75,0.2128
 AU06_r_mean_0.75,0.0
 AU07_r_mean_0.75,0.3292
 AU09_r_mean_0.75,0.023066666666666662
 AU10_r_mean_0.75,0.5990666666666667
 AU12_r_mean_0.75,0.0004
 AU14_r_mean_0.75,0.07400000000000001
 AU15_r_mean_0.75,0.05213333333333334
 AU17_r_mean_0.75,0.4837333333333334
 AU20_r_mean_0.75,0.0012
 AU23_r_mean_0.75,0.1288
 AU25_r_mean_0.75,0.1588
 AU26_r_mean_0.75,0.21933333333333327
 AU45_r_mean_0.75,0.04053333333333334
0_x_mean_0.75,344.67512000000005
0_y_mean_0.75,365.08886666666666
1_x_mean_0.75,332.2757066666667
1_y_mean_0.75,454.05515999999994
2_x_mean_0.75,103.11485333333331
2_y_mean_0.75,180.4599333333333
3_x_mean_0.75,4.1379866666666665
3_y_mean_0.75,10.942026666666667
5_x_mean_0.75,43.6094
5_y_mean_0.75,59.99048000000001
6_x_mean_0.75,0.0
6_y_mean_0.75,0.0
15_x_mean_0.75,318.73736
15_y_mean_0.75,345.33814666666666
16_x_mean_0.75,369.20381333333336
16_y_mean_0.75,340.24394666666666
17_x_mean_0.75,289.28247999999996
17_y_mean_0.75,369.181
18_x_mean_0.75,400.09301333333326
18_y_mean_0.75,352.0667333333333
 gaze_0_x_std_0.75,0.011543025725121244
 gaze_0_y_std_0.75,0.005638419500131175
 gaze_0_z_std_0.75,0.001241093516668709
 gaze_1_x_std_0.75,0.010940206114137879
 gaze_1_y_std_0.75,0.008380834169215609
 gaze_1_z_std_0.75,0.0019263040481102094
el1_x_i_std_0.75,2.9572835626330787
el1_x_o_std_0.75,2.9255588260099046
el1_y_i_std_0.75,0.3468083238815263
el1_y_o_std_0.75,0.35272101172472875
el2_x_i_std_0.75,3.0833634159720744
el2_x_o_std_0.75,3.0494372214176426
el2_y_i_std_0.75,0.7806653217574137
el2_y_o_std_0.75,0.7933953309360703
 pose_Tx_std_0.75,3.6066220376583016
 pose_Ty_std_0.75,0.4643779138232633
 pose_Tz_std_0.75,1.5775999561427598
 pose_Rx_std_0.75,0.007795424853633616
 pose_Ry_std_0.75,0.011560526188965874
 pose_Rz_std_0.75,0.005004790497905774
face_x_m_std_0.75,2.392687332914253
face_x_s_std_0.75,0.14693433037464168
face_y_m_std_0.75,0.7394063535470224
face_y_s_std_0.75,0.10113116574409778
eyebrow_l_x_m_std_0.75,3.111725850033353
eyebrow_l_x_s_std_0.75,0.3744646103228635
eyebrow_l_y_m_std_0.75,0.4427444303778779
eyebrow_l_y_s_std_0.75,0.06285168802437993
eyebrow_r_x_m_std_0.75,3.5659870296308576
eyebrow_r_x_s_std_0.75,0.378227454010901
eyebrow_r_y_m_std_0.75,0.7849344495498223
eyebrow_r_y_s_std_0.75,0.061036717257371836
nose_x_m_std_0.75,3.4536447568548483
nose_x_s_std_0.75,0.02718618634719288
nose_y_m_std_0.75,0.3714402165910031
nose_y_s_std_0.75,0.11202389477794784
eye_l_x_m_std_0.75,2.9240157605881936
eye_l_x_s_std_0.75,0.04598813536698626
eye_l_y_m_std_0.75,0.3497005726196242
eye_l_y_s_std_0.75,0.05561732413187973
eye_r_x_m_std_0.75,3.0524348573816447
eye_r_x_s_std_0.75,0.07623154099614056
eye_r_y_m_std_0.75,0.7911128614550309
eye_r_y_s_std_0.75,0.09491912036413484
mouth_x_m_std_0.75,2.9137514689181385
mouth_x_s_std_0.75,0.13337512316569242
mouth_y_m_std_0.75,0.4946617432551624
mouth_y_s_std_0.75,0.13683622500474385
 AU01_r_std_0.75,0.09813449127793132
 AU02_r_std_0.75,0.09272102884022153
 AU04_r_std_0.75,0.14101306565238794
 AU05_r_std_0.75,0.28051863164984725
 AU06_r_std_0.75,0.0
 AU07_r_std_0.75,0.1959988968529353
 AU09_r_std_0.75,0.0413610775819337
 AU10_r_std_0.75,0.5147635860757339
 AU12_r_std_0.75,0.001972787847664288
 AU14_r_std_0.75,0.10045840876647356
 AU15_r_std_0.75,0.06625693912324944
 AU17_r_std_0.75,0.3599353295266268
 AU20_r_std_0.75,0.0043371431623605424
 AU23_r_std_0.75,0.17339971009047125
 AU25_r_std_0.75,0.18641685343134407
 AU26_r_std_0.75,0.17600163799401575
 AU45_r_std_0.75,0.06600354890813424
0_x_std_0.75,47.58695606024827
0_y_std_0.75,4.5258012440783295
1_x_std_0.75,74.0665372133574
1_y_std_0.75,81.21780595744767
2_x_std_0.75,132.9438188612925
2_y_std_0.75,224.16312981731738
3_x_std_0.75,25.16831079197492
3_y_std_0.75,66.55202236880302
5_x_std_0.75,113.17619479115473
5_y_std_0.75,146.55790675299832
6_x_std_0.75,0.0
6_y_std_0.75,0.0
15_x_std_0.75,41.02738228326659
15_y_std_0.75,8.865801397738618
16_x_std_0.75,54.143565315740155
16_y_std_0.75,10.6411060463191
17_x_std_0.75,34.970757704332556
17_y_std_0.75,1.7735393152402061
18_x_std_0.75,62.23189163675654
18_y_std_0.75,5.405364668382534
 gaze_0_x_min_0.75,-0.096384
 gaze_0_y_min_0.75,-0.187263
 gaze_0_z_min_0.75,-0.9835219999999999
 gaze_1_x_min_0.75,-0.243945
 gaze_1_y_min_0.75,-0.159025
 gaze_1_z_min_0.75,-0.965666
el1_x_i_min_0.75,329.45
el1_x_o_min_0.75,328.675
el1_y_i_min_0.75,341.9000000000001
el1_y_o_min_0.75,343.30833333333334
el2_x_i_min_0.75,379.675
el2_x_o_min_0.75,380.94166666666666
el2_y_i_min_0.75,336.1
el2_y_o_min_0.75,337.3833333333333
 pose_Tx_min_0.75,44.5
 pose_Ty_min_0.75,164.6
 pose_Tz_min_0.75,625.6
 pose_Rx_min_0.75,-0.255
 pose_Ry_min_0.75,0.204
 pose_Rz_min_0.75,-0.046
face_x_m_min_0.75,360.6176470588235
face_x_s_min_0.75,44.83833132357128
face_y_m_min_0.75,395.1764705882353
face_y_s_min_0.75,32.03842477033953
eyebrow_l_x_m_min_0.75,324.48
eyebrow_l_x_s_min_0.75,12.750490186655572
eyebrow_l_y_m_min_0.75,325.56
eyebrow_l_y_s_min_0.75,4.112784944535759
eyebrow_r_x_m_min_0.75,380.96
eyebrow_r_x_s_min_0.75,15.020885459918794
eyebrow_r_y_m_min_0.75,317.3400000000001
eyebrow_r_y_s_min_0.75,3.6719204784417614
nose_x_m_min_0.75,352.4444444444445
nose_x_s_min_0.75,6.312685640834659
nose_y_m_min_0.75,365.5777777777778
nose_y_s_min_0.75,15.131093813733349
eye_l_x_m_min_0.75,328.7000000000001
eye_l_x_s_min_0.75,7.177580836651482
eye_l_y_m_min_0.75,343.35
eye_l_y_s_min_0.75,2.9287653826598383
eye_r_x_m_min_0.75,380.9
eye_r_x_s_min_0.75,7.561128663543987
eye_r_y_m_min_0.75,337.43333333333334
eye_r_y_s_min_0.75,3.0362257272256024
mouth_x_m_min_0.75,354.56666666666666
mouth_x_s_min_0.75,13.33665204910093
mouth_y_m_min_0.75,397.75
mouth_y_s_min_0.75,7.640140209724058
 AU01_r_min_0.75,0.0
 AU02_r_min_0.75,0.0
 AU04_r_min_0.75,0.27
 AU05_r_min_0.75,0.0
 AU06_r_min_0.75,0.0
 AU07_r_min_0.75,0.0
 AU09_r_min_0.75,0.0
 AU10_r_min_0.75,0.01
 AU12_r_min_0.75,0.0
 AU14_r_min_0.75,0.0
 AU15_r_min_0.75,0.0
 AU17_r_min_0.75,0.0
 AU20_r_min_0.75,0.0
 AU23_r_min_0.75,0.0
 AU25_r_min_0.75,0.0
 AU26_r_min_0.75,0.0
 AU45_r_min_0.75,0.0
0_x_min_0.75,202.822
0_y_min_0.75,362.045
1_x_min_0.75,0.0
1_y_min_0.75,0.0
2_x_min_0.75,0.0
2_y_min_0.75,0.0
3_x_min_0.75,0.0
3_y_min_0.75,0.0
5_x_min_0.75,0.0
5_y_min_0.75,0.0
6_x_min_0.75,0.0
6_y_min_0.75,0.0
15_x_min_0.75,194.967
15_y_min_0.75,341.18300000000005
16_x_min_0.75,208.049
16_y_min_0.75,333.335
17_x_min_0.75,183.304
17_y_min_0.75,360.751
18_x_min_0.75,215.91
18_y_min_0.75,349.0
 gaze_0_x_max_0.75,-0.063735
 gaze_0_y_max_0.75,-0.163787
 gaze_0_z_max_0.75,-0.977893
 gaze_1_x_max_0.75,-0.21361100000000002
 gaze_1_y_max_0.75,-0.127646
 gaze_1_z_max_0.75,-0.9579989999999999
el1_x_i_max_0.75,338.0375
el1_x_o_max_0.75,337.2
el1_y_i_max_0.75,343.1625
el1_y_o_max_0.75,344.6333333333334
el2_x_i_max_0.75,388.725
el2_x_o_max_0.75,389.8833333333334
el2_y_i_max_0.75,338.5375
el2_y_o_max_0.75,339.85
 pose_Tx_max_0.75,55.0
 pose_Ty_max_0.75,166.5
 pose_Tz_max_0.75,631.5
 pose_Rx_max_0.75,-0.22
 pose_Ry_max_0.75,0.242
 pose_Rz_max_0.75,-0.02
face_x_m_max_0.75,367.6411764705883
face_x_s_max_0.75,45.48399767080338
face_y_m_max_0.75,397.78235294117655
face_y_s_max_0.75,32.47794387327027
eyebrow_l_x_m_max_0.75,333.5
eyebrow_l_x_s_max_0.75,13.775993612077494
eyebrow_l_y_m_max_0.75,327.0
eyebrow_l_y_s_max_0.75,4.419841626121932
eyebrow_r_x_m_max_0.75,391.26
eyebrow_r_x_s_max_0.75,16.00693599662346
eyebrow_r_y_m_max_0.75,319.82000000000005
eyebrow_r_y_s_max_0.75,3.8965369239877616
nose_x_m_max_0.75,362.3777777777778
nose_x_s_max_0.75,6.463938427924577
nose_y_m_max_0.75,366.81111111111113
nose_y_s_max_0.75,15.540672443623546
eye_l_x_m_max_0.75,337.23333333333335
eye_l_x_s_max_0.75,7.394231986262448
eye_l_y_m_max_0.75,344.66666666666674
eye_l_y_s_max_0.75,3.144996025434688
eye_r_x_m_max_0.75,389.8666666666666
eye_r_x_s_max_0.75,7.812297997388468
eye_r_y_m_max_0.75,339.9166666666667
eye_r_y_s_max_0.75,3.3559896702264504
mouth_x_m_max_0.75,363.175
mouth_x_s_max_0.75,13.83481280880032
mouth_y_m_max_0.75,399.475
mouth_y_s_max_0.75,8.262451576899315
 AU01_r_max_0.75,0.34
 AU02_r_max_0.75,0.41
 AU04_r_max_0.75,0.74
 AU05_r_max_0.75,0.91
 AU06_r_max_0.75,0.0
 AU07_r_max_0.75,0.77
 AU09_r_max_0.75,0.21
 AU10_r_max_0.75,1.49
 AU12_r_max_0.75,0.01
 AU14_r_max_0.75,0.37
 AU15_r_max_0.75,0.25
 AU17_r_max_0.75,1.04
 AU20_r_max_0.75,0.02
 AU23_r_max_0.75,0.49
 AU25_r_max_0.75,0.6
 AU26_r_max_0.75,0.64
 AU45_r_max_0.75,0.24
0_x_max_0.75,364.65
0_y_max_0.75,381.658
1_x_max_0.75,367.24699999999996
1_y_max_0.75,476.92800000000005
2_x_max_0.75,307.225
2_y_max_0.75,476.92199999999997
3_x_max_0.75,155.813
3_y_max_0.75,411.639
5_x_max_0.75,470.361
5_y_max_0.75,476.914
6_x_max_0.75,0.0
6_y_max_0.75,0.0
15_x_max_0.75,337.223
15_y_max_0.75,376.379
16_x_max_0.75,392.023
16_y_max_0.75,376.406
17_x_max_0.75,304.611
17_y_max_0.75,371.199
18_x_max_0.75,423.375
18_y_max_0.75,369.839
 gaze_0_x_mean_1.00,-0.06122772
 gaze_0_y_mean_1.00,-0.17913162666666668
 gaze_0_z_mean_1.00,-0.9819048
 gaze_1_x_mean_1.00,-0.20927914666666667
 gaze_1_y_mean_1.00,-0.15694361333333334
 gaze_1_z_mean_1.00,-0.9651622
el1_x_i_mean_1.00,337.9361666666667
el1_x_o_mean_1.00,337.10422222222223
el1_y_i_mean_1.00,342.367
el1_y_o_mean_1.00,343.7852222222222
el2_x_i_mean_1.00,388.7321666666666
el2_x_o_mean_1.00,389.9017777777778
el2_y_i_mean_1.00,338.05716666666666
el2_y_o_mean_1.00,339.3791111111111
 pose_Tx_mean_1.00,54.85733333333334
 pose_Ty_mean_1.00,165.71466666666666
 pose_Tz_mean_1.00,625.356
 pose_Rx_mean_1.00,-0.2456533333333333
 pose_Ry_mean_1.00,0.19793333333333332
 pose_Rz_mean_1.00,-0.03010666666666667
face_x_m_mean_1.00,367.38211764705886
face_x_s_mean_1.00,44.952388961747005
face_y_m_mean_1.00,397.9338823529412
face_y_s_mean_1.00,32.68096631758169
eyebrow_l_x_m_mean_1.00,333.3944
eyebrow_l_x_s_mean_1.00,13.837688303000975
eyebrow_l_y_m_mean_1.00,325.93173333333334
eyebrow_l_y_s_mean_1.00,4.242862533445177
eyebrow_r_x_m_mean_1.00,391.2824
eyebrow_r_x_s_mean_1.00,14.982441289176553
eyebrow_r_y_m_mean_1.00,319.7079999999999
eyebrow_r_y_s_mean_1.00,3.7139009055082193
nose_x_m_mean_1.00,362.6060740740741
nose_x_s_mean_1.00,6.42961468706795
nose_y_m_mean_1.00,366.5862222222222
nose_y_s_mean_1.00,15.497789417895277
eye_l_x_m_mean_1.00,337.1251111111111
eye_l_x_s_mean_1.00,7.3712433276717135
eye_l_y_m_mean_1.00,343.82333333333327
eye_l_y_s_mean_1.00,2.991551727134929
eye_r_x_m_mean_1.00,389.8655555555557
eye_r_x_s_mean_1.00,7.5967291389093745
eye_r_y_m_mean_1.00,339.4186666666667
eye_r_y_s_mean_1.00,3.100824675279504
mouth_x_m_mean_1.00,363.4218888888889
mouth_x_s_mean_1.00,13.805717064430555
mouth_y_m_mean_1.00,399.5224444444445
mouth_y_s_mean_1.00,8.49638790868916
 AU01_r_mean_1.00,0.08680000000000003
 AU02_r_mean_1.00,0.020000000000000004
 AU04_r_mean_1.00,0.7698666666666668
 AU05_r_mean_1.00,0.0007999999999999999
 AU06_r_mean_1.00,0.0
 AU07_r_mean_1.00,0.20226666666666668
 AU09_r_mean_1.00,0.04666666666666668
 AU10_r_mean_1.00,0.03426666666666667
 AU12_r_mean_1.00,0.012266666666666669
 AU14_r_mean_1.00,0.2482666666666667
 AU15_r_mean_1.00,0.10933333333333332
 AU17_r_mean_1.00,0.4548000000000001
 AU20_r_mean_1.00,0.04293333333333334
 AU23_r_mean_1.00,0.0
 AU25_r_mean_1.00,0.7363999999999999
 AU26_r_mean_1.00,0.11946666666666668
 AU45_r_mean_1.00,0.03453333333333334
0_x_mean_1.00,296.85581333333334
0_y_mean_1.00,368.36566666666664
1_x_mean_1.00,284.98884
1_y_mean_1.00,425.01503999999983
2_x_mean_1.00,129.62746666666666
2_y_mean_1.00,256.13812
3_x_mean_1.00,85.16785333333333
3_y_mean_1.00,210.52076
5_x_mean_1.00,152.80176000000003
5_y_mean_1.00,225.6008133333333
6_x_mean_1.00,35.78258666666667
6_y_mean_1.00,61.992173333333334
15_x_mean_1.00,280.02622666666673
15_y_mean_1.00,353.02340000000015
16_x_mean_1.00,312.4669333333333
16_y_mean_1.00,352.1992133333334
17_x_mean_1.00,256.22804
17_y_mean_1.00,363.5216
18_x_mean_1.00,276.2944933333334
18_y_mean_1.00,278.5792133333333
 gaze_0_x_std_1.00,0.003104230838100836
 gaze_0_y_std_1.00,0.004021827256404777
 gaze_0_z_std_1.00,0.0007809996712460737
 gaze_1_x_std_1.00,0.004015376579200604
 gaze_1_y_std_1.00,0.0039923377419459095
 gaze_1_z_std_1.00,0.0011227955338398976
el1_x_i_std_1.00,0.5960688125370077
el1_x_o_std_1.00,0.5895460240850692
el1_y_i_std_1.00,0.24359740545815745
el1_y_o_std_1.00,0.2434640111489289
el2_x_i_std_1.00,0.5650511716442858
el2_x_o_std_1.00,0.5588378340133422
el2_y_i_std_1.00,0.3320262661920617
el2_y_o_std_1.00,0.3302457604001446
 pose_Tx_std_1.00,0.6487354296303365
 pose_Ty_std_1.00,0.4079259780935801
 pose_Tz_std_1.00,1.4164325190707392
 pose_Rx_std_1.00,0.0056004182597985215
 pose_Ry_std_1.00,0.005896250144436361
 pose_Rz_std_1.00,0.004092093012777842
face_x_m_std_1.00,0.3559115073002144
face_x_s_std_1.00,0.07004827743146436
face_y_m_std_1.00,0.2964688848463392
face_y_s_std_1.00,0.20263163318952865
eyebrow_l_x_m_std_1.00,0.6183898883827638
eyebrow_l_x_s_std_1.00,0.07975318126745022
eyebrow_l_y_m_std_1.00,0.2289362789507572
eyebrow_l_y_s_std_1.00,0.04915697024324352
eyebrow_r_x_m_std_1.00,0.6487406511329749
eyebrow_r_x_s_std_1.00,0.06150985729844359
eyebrow_r_y_m_std_1.00,0.3257589890070832
eyebrow_r_y_s_std_1.00,0.029294590610934382
nose_x_m_std_1.00,0.5145377150134682
nose_x_s_std_1.00,0.031708334181916174
nose_y_m_std_1.00,0.2354957712109965
nose_y_s_std_1.00,0.04650925893107656
eye_l_x_m_std_1.00,0.5868706988913387
eye_l_x_s_std_1.00,0.03504539896284807
eye_l_y_m_std_1.00,0.2391959755403874
eye_l_y_s_std_1.00,0.028641097865755225
eye_r_x_m_std_1.00,0.5600188578263359
eye_r_x_s_std_1.00,0.02372304161501008
eye_r_y_m_std_1.00,0.3339741587888892
eye_r_y_s_std_1.00,0.027132056519310586
mouth_x_m_std_1.00,0.4289031451364209
mouth_x_s_std_1.00,0.06705130788526996
mouth_y_m_std_1.00,0.3079251417031243
mouth_y_s_std_1.00,0.15972623240412356
 AU01_r_std_1.00,0.09019738115692476
 AU02_r_std_1.00,0.03537444489107005
 AU04_r_std_1.00,0.13195508381318302
 AU05_r_std_1.00,0.003945575695328576
 AU06_r_std_1.00,0.0
 AU07_r_std_1.00,0.2065585011913439
 AU09_r_std_1.00,0.054681716232119947
 AU10_r_std_1.00,0.05447968461762637
 AU12_r_std_1.00,0.023571245270532563
 AU14_r_std_1.00,0.17429683699765575
 AU15_r_std_1.00,0.10015303605298558
 AU17_r_std_1.00,0.13627634880361025
 AU20_r_std_1.00,0.08138618870368433
 AU23_r_std_1.00,0.0
 AU25_r_std_1.00,0.2229024753418264
 AU26_r_std_1.00,0.1279557919153513
 AU45_r_std_1.00,0.07561090535768639
0_x_std_1.00,67.75768210733952
0_y_std_1.00,4.667305213391875
1_x_std_1.00,73.15000968207433
1_y_std_1.00,50.285688840066605
2_x_std_1.00,98.67952591423237
2_y_std_1.00,191.064482863909
3_x_std_1.00,82.3979742293451
3_y_std_1.00,203.62879716114068
5_x_std_1.00,141.9940681965119
5_y_std_1.00,197.0468498628781
6_x_std_1.00,86.89561223909945
6_y_std_1.00,150.53866947932244
15_x_std_1.00,56.15103611004618
15_y_std_1.00,10.691855049775286
16_x_std_1.00,77.2227094538089
16_y_std_1.00,14.000280655771173
17_x_std_1.00,46.402632098994076
17_y_std_1.00,5.810014183357109
18_x_std_1.00,165.40793169610419
18_y_std_1.00,146.10530955474889
 gaze_0_x_min_1.00,-0.06719
 gaze_0_y_min_1.00,-0.18804500000000002
 gaze_0_z_min_1.00,-0.983375
 gaze_1_x_min_1.00,-0.218433
 gaze_1_y_min_1.00,-0.165301
 gaze_1_z_min_1.00,-0.967469
el1_x_i_min_1.00,337.15
el1_x_o_min_1.00,336.3333333333333
el1_y_i_min_1.00,342.0
el1_y_o_min_1.00,343.4166666666667
el2_x_i_min_1.00,387.95000000000016
el2_x_o_min_1.00,389.125
el2_y_i_min_1.00,337.6625
el2_y_o_min_1.00,338.9916666666666
 pose_Tx_min_1.00,53.9
 pose_Ty_min_1.00,164.9
 pose_Tz_min_1.00,622.6
 pose_Rx_min_1.00,-0.258
 pose_Ry_min_1.00,0.188
 pose_Rz_min_1.00,-0.037000000000000005
face_x_m_min_1.00,366.8294117647058
face_x_s_min_1.00,44.807417978303015
face_y_m_min_1.00,397.3058823529413
face_y_s_min_1.00,32.23095424843493
eyebrow_l_x_m_min_1.00,332.52
eyebrow_l_x_s_min_1.00,13.676987972503305
eyebrow_l_y_m_min_1.00,325.5200000000001
eyebrow_l_y_s_min_1.00,4.150060240526633
eyebrow_r_x_m_min_1.00,390.4
eyebrow_r_x_s_min_1.00,14.832835197628254
eyebrow_r_y_m_min_1.00,319.32000000000005
eyebrow_r_y_s_min_1.00,3.647327788943577
nose_x_m_min_1.00,361.9444444444445
nose_x_s_min_1.00,6.3487750349531575
nose_y_m_min_1.00,366.22222222222223
nose_y_s_min_1.00,15.375873958900677
eye_l_x_m_min_1.00,336.3833333333334
eye_l_x_s_min_1.00,7.2885526683971955
eye_l_y_m_min_1.00,343.4500000000001
eye_l_y_s_min_1.00,2.9248361777485337
eye_r_x_m_min_1.00,389.08333333333326
eye_r_x_s_min_1.00,7.5343878318015935
eye_r_y_m_min_1.00,339.00000000000006
eye_r_y_s_min_1.00,3.0269897037595994
mouth_x_m_min_1.00,362.85
mouth_x_s_min_1.00,13.687892792205426
mouth_y_m_min_1.00,398.95833333333326
mouth_y_s_min_1.00,8.190848551890094
 AU01_r_min_1.00,0.0
 AU02_r_min_1.00,0.0
 AU04_r_min_1.00,0.51
 AU05_r_min_1.00,0.0
 AU06_r_min_1.00,0.0
 AU07_r_min_1.00,0.0
 AU09_r_min_1.00,0.0
 AU10_r_min_1.00,0.0
 AU12_r_min_1.00,0.0
 AU14_r_min_1.00,0.0
 AU15_r_min_1.00,0.0
 AU17_r_min_1.00,0.18
 AU20_r_min_1.00,0.0
 AU23_r_min_1.00,0.0
 AU25_r_min_1.00,0.25
 AU26_r_min_1.00,0.0
 AU45_r_min_1.00,0.0
0_x_min_1.00,214.53099999999998
0_y_min_1.00,363.355
1_x_min_1.00,204.079
1_y_min_1.00,372.50300000000004
2_x_min_1.00,0.0
2_y_min_1.00,0.0
3_x_min_1.00,0.0
3_y_min_1.00,0.0
5_x_min_1.00,0.0
5_y_min_1.00,0.0
6_x_min_1.00,0.0
6_y_min_1.00,0.0
15_x_min_1.00,208.016
15_y_min_1.00,341.19699999999995
16_x_min_1.00,222.358
16_y_min_1.00,337.26
17_x_min_1.00,194.951
17_y_min_1.00,354.20099999999996
18_x_min_1.00,0.0
18_y_min_1.00,0.0
 gaze_0_x_max_1.00,-0.055913
 gaze_0_y_max_1.00,-0.172265
 gaze_0_z_max_1.00,-0.9801719999999999
 gaze_1_x_max_1.00,-0.203045
 gaze_1_y_max_1.00,-0.150536
 gaze_1_z_max_1.00,-0.9635309999999999
el1_x_i_max_1.00,339.5
el1_x_o_max_1.00,338.6500000000001
el1_y_i_max_1.00,342.975
el1_y_o_max_1.00,344.375
el2_x_i_max_1.00,390.32500000000016
el2_x_o_max_1.00,391.5166666666667
el2_y_i_max_1.00,338.6625
el2_y_o_max_1.00,339.96666666666664
 pose_Tx_max_1.00,56.4
 pose_Ty_max_1.00,166.6
 pose_Tz_max_1.00,628.4
 pose_Rx_max_1.00,-0.23399999999999999
 pose_Ry_max_1.00,0.21100000000000002
 pose_Rz_max_1.00,-0.017
face_x_m_max_1.00,368.0764705882354
face_x_s_max_1.00,45.070625950051024
face_y_m_max_1.00,398.4647058823529
face_y_s_max_1.00,33.014066743453114
eyebrow_l_x_m_max_1.00,335.02
eyebrow_l_x_s_max_1.00,13.978125768499865
eyebrow_l_y_m_max_1.00,326.48
eyebrow_l_y_s_max_1.00,4.373442579936326
eyebrow_r_x_m_max_1.00,393.04
eyebrow_r_x_s_max_1.00,15.103377105799884
eyebrow_r_y_m_max_1.00,320.43999999999994
eyebrow_r_y_s_max_1.00,3.7982890885239393
nose_x_m_max_1.00,364.08888888888885
nose_x_s_max_1.00,6.5118055185264145
nose_y_m_max_1.00,367.1555555555556
nose_y_s_max_1.00,15.587717743288927
eye_l_x_m_max_1.00,338.68333333333334
eye_l_x_s_max_1.00,7.421253263432001
eye_l_y_m_max_1.00,344.41666666666674
eye_l_y_s_max_1.00,3.0393530013255527
eye_r_x_m_max_1.00,391.4666666666667
eye_r_x_s_max_1.00,7.638848080699085
eye_r_y_m_max_1.00,340.00000000000006
eye_r_y_s_max_1.00,3.143511836571746
mouth_x_m_max_1.00,364.6833333333333
mouth_x_s_max_1.00,14.006805705106569
mouth_y_m_max_1.00,400.0416666666666
mouth_y_s_max_1.00,8.758212596117309
 AU01_r_max_1.00,0.34
 AU02_r_max_1.00,0.16
 AU04_r_max_1.00,1.02
 AU05_r_max_1.00,0.02
 AU06_r_max_1.00,0.0
 AU07_r_max_1.00,0.79
 AU09_r_max_1.00,0.2
 AU10_r_max_1.00,0.22
 AU12_r_max_1.00,0.1
 AU14_r_max_1.00,0.64
 AU15_r_max_1.00,0.34
 AU17_r_max_1.00,0.73
 AU20_r_max_1.00,0.37
 AU23_r_max_1.00,0.0
 AU25_r_max_1.00,1.1
 AU26_r_max_1.00,0.44
 AU45_r_max_1.00,0.35
0_x_max_1.00,369.79900000000004
0_y_max_1.00,381.57300000000004
1_x_max_1.00,368.56800000000004
1_y_max_1.00,476.92400000000004
2_x_max_1.00,309.817
2_y_max_1.00,476.913
3_x_max_1.00,170.145
3_y_max_1.00,410.32599999999996
5_x_max_1.00,474.255
5_y_max_1.00,476.92
6_x_max_1.00,248.486
6_y_max_1.00,424.68699999999995
15_x_max_1.00,338.57099999999997
15_y_max_1.00,371.24699999999996
16_x_max_1.00,392.11800000000005
16_y_max_1.00,378.971
17_x_max_1.00,305.9120000000001
17_y_max_1.00,369.865
18_x_max_1.00,423.36300000000006
18_y_max_1.00,362.034
